,Link,Title
0,http://www.kokkieslomo.nl/sambal-goreng-tahoe-2-0/,Sambal goreng tahoe 2.0
1,http://www.kokkieslomo.nl/pindasaus-2-0-enak-sekali/,Pindasaus 2.0 enak sekali
2,http://www.kokkieslomo.nl/tortilla-de-slomo/,Tortilla de Slomo
3,http://www.kokkieslomo.nl/sambal-goreng-tahoe-plakjes/,sambal goreng tahoe plakjes
4,http://www.kokkieslomo.nl/atjar-ketimoen-indisch-zoetzuur-komkommer/,atjar ketimoen – Indisch zoetzuur met komkommer
5,http://www.kokkieslomo.nl/pandan-cake/,pandan cake
6,http://www.kokkieslomo.nl/kare-ayam-indische-kip-curry/,"Kare ayam, Indische kip curry"
7,http://www.kokkieslomo.nl/kari-babi-indische-curry-varkensvlees/,"Kari babi, Indische curry met varkensvlees"
8,http://www.kokkieslomo.nl/frikadel-slomo/,Frikadel slomo
9,http://www.kokkieslomo.nl/tahoe-tengels/,Tahoe tengels
10,http://www.kokkieslomo.nl/ayam-rica-rica/,ayam rica rica
11,http://www.kokkieslomo.nl/ayam-dengan-mangga-kip-mango/,ayam dengan mangga (kip met mango)
12,http://www.kokkieslomo.nl/oerap-oerap-indisch-groentegerecht/,"oerap oerap, Indisch groentegerecht"
13,http://www.kokkieslomo.nl/ajam-taotjo/,Ajam taotjo
14,http://www.kokkieslomo.nl/gule-kambing/,Gule kambing
15,http://www.kokkieslomo.nl/courgette-slomo-style/,Courgette Slomo style
16,http://www.kokkieslomo.nl/broccoli-slomo-style/,Broccoli Slomo style
17,http://www.kokkieslomo.nl/sambal-goreng-bloemkool/,sambal goreng bloemkool
18,http://www.kokkieslomo.nl/o-slomo-mie-o/,O slomo mie-o
19,http://www.kokkieslomo.nl/frikadel-pan/,Frikadel pan – Indisch gehaktbrood
20,http://www.kokkieslomo.nl/tahoe-goreng-vegaterische-snek/,Tahoe goreng – vegaterische snek
21,http://www.kokkieslomo.nl/kentang-blado-pittige-gekruide-aardappelblokjes/,"Kentang blado – pittige, gekruide aardappelblokjes"
22,http://www.kokkieslomo.nl/tosti-slomo/,Tosti Slomo
23,http://www.kokkieslomo.nl/saucijzenbroodje-slomo/,Saucijzenbroodje Slomo
24,http://www.kokkieslomo.nl/nasi-goreng-sajoer-tjampoer/,Nasi goreng sajoer tjampoer
25,http://www.kokkieslomo.nl/sambal-goreng-tomat/,Sambal goreng tomat
26,http://www.kokkieslomo.nl/indische-pasteitjes-met-rundergehakt/,Indische pasteitjes (met rundergehakt)
27,http://www.kokkieslomo.nl/petjel-pecel-petjil-indische-groentesalade-met-pindasaus/,"Petjel (pecel, petjil), Indische groentesalade met pindasaus"
28,http://www.kokkieslomo.nl/magic-soup-heilzame-indische-soep-met-kip-en-tempeh/,Magic Soup: heilzame Indische soep met kip en tempeh
29,http://www.kokkieslomo.nl/roedjak-manis/,Roedjak manis
30,http://www.kokkieslomo.nl/kipvingers-slomo-style/,Kipvingers Slomo style
31,http://www.kokkieslomo.nl/new-yong-hai/,New Yong Hai
32,http://www.kokkieslomo.nl/bami-goreng-slomo-istimewa/,Bami goreng Slomo Istimewa
33,http://www.kokkieslomo.nl/pindasaus-uitgebreid/,Pindasaus uitgebreid
34,http://www.kokkieslomo.nl/ayam-besengeh/,Ayam besengeh
35,http://www.kokkieslomo.nl/ikan-boemboe-bali/,Ikan boemboe Bali
36,http://www.kokkieslomo.nl/sop-kerrie-djawa/,Sop kerrie djawa
37,http://www.kokkieslomo.nl/dendeng-belado-blado/,Dendeng belado / blado
38,http://www.kokkieslomo.nl/sambal-goreng-tempeh-kering/,sambal goreng tempeh kering
39,http://www.kokkieslomo.nl/toemis-boontjes/,Toemis boontjes
40,http://www.kokkieslomo.nl/sambal-tomat-slomo/,Sambal tomat slomo
41,http://www.kokkieslomo.nl/nasi-goreng-slomo/,Nasi goreng slomo istimewa
42,http://www.kokkieslomo.nl/dendeng-ragi-van-varkenshaas/,Dendeng ragi (van varkenshaas)
43,http://www.kokkieslomo.nl/oseng-oseng-tempeh-met-spinazie/,Oseng oseng tempeh (met spinazie)
44,http://www.kokkieslomo.nl/pepesan-ikan-achtige/,Pepesan ikan (achtige)
45,http://www.kokkieslomo.nl/ayam-kecap-slomo/,Ayam kecap Slomo
46,http://www.kokkieslomo.nl/indische-tomatensoep/,Indische tomatensoep
47,http://www.kokkieslomo.nl/opor-ayam/,Opor ayam
48,http://www.kokkieslomo.nl/perkedel-tahu/,Perkedel tahoe met kip – tahoeballetjes
49,http://www.kokkieslomo.nl/javaanse-balletjes/,Javaanse balletjes (frikadel djawa)
50,http://www.kokkieslomo.nl/sajoer-tempeh-met-lontong/,Sajoer tempeh met lontong
51,http://www.kokkieslomo.nl/sate-babi/,Sate babi – special – wintersate
52,http://www.kokkieslomo.nl/bapaos/,Bapao’s
53,http://www.kokkieslomo.nl/tahoe-met-chinese-kool/,Tahoe goreng met Chinese kool
54,http://www.kokkieslomo.nl/smoor-djawa/,Smoor djawa
55,http://www.kokkieslomo.nl/sambal-goreng-telor/,Sambal goreng telor
56,http://www.kokkieslomo.nl/daging-sapi-roedjak/,Daging sapi roedjak
57,http://www.kokkieslomo.nl/dadar-isi/,Dadar isi
58,http://www.kokkieslomo.nl/babi-ketjap/,Babi ketjap
59,http://www.kokkieslomo.nl/sambal-goreng-boontjes-met-garnalen/,Sambal goreng boontjes (met garnalen)
60,http://www.kokkieslomo.nl/sate-pentol-ayam/,Sate pentol ayam
61,http://www.kokkieslomo.nl/loempia-oedang-dan-ajam/,Loempia oedang dan ajam
62,http://www.kokkieslomo.nl/pimp-your-hot-dog/,Pimp your… hot dog
63,http://www.kokkieslomo.nl/soto-ayam/,Soto ayam
64,http://www.kokkieslomo.nl/risolles/,Risolles
65,http://www.kokkieslomo.nl/indische-saucijzenbroodjes/,Indische saucijzenbroodjes
66,http://www.kokkieslomo.nl/indische-kroketjes/,Indische kroketjes
67,http://www.kokkieslomo.nl/gado-gado/,Gado gado
68,http://www.kokkieslomo.nl/sajoer-boontjes-met-tahoe/,Sajoer boontjes met tahoe
69,http://www.kokkieslomo.nl/rendang-daging-sapi/,Rendang daging sapi
70,http://www.kokkieslomo.nl/ajam-boemboe-bali/,Ajam boemboe Bali
71,http://www.kokkieslomo.nl/sajoer-lodeh/,Sajoer lodeh
72,http://www.kokkieslomo.nl/lemper-met-kipvulling/,"Lemper, met kipvulling"
73,http://www.kokkieslomo.nl/indische-visballetjes/,Indische visballetjes
74,http://www.kokkieslomo.nl/nasi-goreng-djawa/,Nasi goreng djawa
75,http://www.kokkieslomo.nl/martabak-telor/,Martabak telor
76,http://www.kokkieslomo.nl/sambal-goreng-kentang-kering/,Sambal goreng kentang kering – Nieuw! Significant verbeterd!
77,http://www.kokkieslomo.nl/tahu-kerrie/,Tahoe Kerrie
78,http://www.kokkieslomo.nl/bami-goreng/,Bami goreng
79,http://www.kokkieslomo.nl/kwee-mangkok/,Kwee mangkok
80,http://www.kokkieslomo.nl/tahu-salade/,Tahu salade
81,http://www.kokkieslomo.nl/pimp-your-worstebroodje/,Pimp your… worstenbroodje
82,http://www.kokkieslomo.nl/sambal-goreng-tahu/,Sambal goreng tahoe
83,http://www.kokkieslomo.nl/perkedel-kentang/,Perkedel Kentang
84,http://www.kokkieslomo.nl/tahoe-telor-nieuw/,Tahoe telor
85,http://www.kokkieslomo.nl/pimp-your-noodles/,Pimp your noodles
86,http://www.kokkieslomo.nl/nasi-kornet/,Nasi kornet
87,http://www.kokkieslomo.nl/rempah-indische-gehaktballetjes-met-kokos/,Rempah – Indische gehaktballetjes met kokos
88,http://www.kokkieslomo.nl/perkedel-jagung/,Perkedel jagung
89,http://www.kokkieslomo.nl/72/,Ketoprak
